timestamp,description
2024-04-11 17:32:52.573845,toy data
2024-04-11 17:32:58.566586,toy data
2024-04-11 17:33:03.617229,toy data
2024-04-11 17:33:08.644896,toy data
2024-04-11 17:33:13.751961,toy data
2024-04-11 17:33:18.812792,toy data
2024-04-11 17:33:23.895030,toy data
2024-04-11 17:33:28.957035,toy data
2024-04-11 17:33:34.004574,toy data
2024-04-11 17:33:39.058483,toy data
2024-04-11 17:33:44.117189,toy data
2024-04-11 17:33:49.161855,toy data
2024-04-11 17:33:54.232397,toy data
2024-04-11 17:33:59.286758,toy data
2024-04-11 17:34:04.325601,toy data
2024-04-11 17:34:09.383427,toy data
2024-04-11 17:34:14.441220,toy data
2024-04-11 17:34:19.498540,toy data
2024-04-11 17:34:24.549014,toy data
2024-04-11 17:34:29.596636,toy data
2024-04-11 17:34:35.450695,toy data
2024-04-11 17:34:40.495753,toy data
2024-04-11 17:34:45.540605,toy data
2024-04-11 17:34:50.575889,toy data
2024-04-11 17:34:58.452536,toy data
2024-04-11 17:35:03.499045,toy data
2024-04-11 17:35:08.546682,toy data
2024-04-11 17:35:13.602917,toy data
2024-04-11 17:35:22.102647,toy data
2024-04-11 17:35:27.158536,toy data
2024-04-11 17:35:32.205971,toy data
2024-04-11 17:35:37.247899,toy data
2024-04-11 17:35:46.029864,toy data
2024-04-11 17:35:51.089884,toy data
2024-04-11 17:35:56.148040,toy data
2024-04-11 17:36:01.201987,toy data
2024-04-11 17:36:09.611606,toy data
2024-04-11 17:36:14.664070,toy data
2024-04-11 17:36:19.723853,toy data
2024-04-11 17:36:24.790551,toy data
2024-04-11 17:36:33.291435,toy data
2024-04-11 17:36:38.345813,toy data
2024-04-11 17:36:43.412808,toy data
2024-04-11 17:36:48.473719,toy data
2024-04-11 17:36:56.994849,toy data
2024-04-11 17:37:02.056973,toy data
2024-04-11 17:37:07.134540,toy data
2024-04-11 17:37:12.193459,toy data
2024-04-11 17:37:20.663380,toy data
2024-04-11 17:37:25.723922,toy data
2024-04-11 17:37:30.769022,toy data
2024-04-11 17:37:35.835442,toy data
2024-04-11 17:37:44.234351,toy data
2024-04-11 17:37:49.274235,toy data
2024-04-11 17:37:54.342677,toy data
2024-04-11 17:37:59.395561,toy data
2024-04-11 17:38:07.867249,toy data
2024-04-11 17:38:12.930988,toy data
2024-04-11 17:38:18.003182,toy data
2024-04-11 17:38:23.075283,toy data
