day,usage
2018-10-04,66016.0
2018-10-05,66016.0
2018-10-06,42096.0
2018-10-07,32800.0
2018-10-08,64432.0
2018-10-09,71216.0
2018-10-10,70816.0
2018-10-11,69024.0
2018-10-12,61984.0
2018-10-13,29520.0
2018-10-14,39856.0
2018-10-15,63728.0
2018-10-16,69888.0
2018-10-17,68288.0
2018-10-18,69392.0
2018-10-19,67776.0
2018-10-20,40064.0
2018-10-21,34080.0
2018-10-22,66592.0
2018-10-23,67616.0
2018-10-24,69984.0
2018-10-25,69040.0
2018-10-26,60880.0
2018-10-27,37264.0
2018-10-28,35088.0
2018-10-29,35424.0
2018-10-30,61344.0
2018-10-31,61808.0
2018-11-01,64384.0
2018-11-02,59104.0
2018-11-03,34896.0
2018-11-04,32768.0
2018-11-05,60816.0
2018-11-06,59056.0
2018-11-07,59344.0
2018-11-08,65920.0
2018-11-09,54192.0
2018-11-10,39072.0
2018-11-11,34448.0
2018-11-12,63632.0
2018-11-13,62384.0
2018-11-14,66800.0
2018-11-15,67392.0
2018-11-16,66720.0
2018-11-17,41072.0
2018-11-18,33696.0
2018-11-19,62368.0
2018-11-20,54976.0
2018-11-21,48336.0
2018-11-22,64992.0
2018-11-23,64992.0
2018-11-24,37760.0
2018-11-25,31008.0
2018-11-26,62464.0
2018-11-27,50048.0
2018-11-28,59216.0
2018-11-29,60672.0
2018-11-30,61072.0
2018-12-01,34176.0
2018-12-02,30832.0
2018-12-03,60640.0
2018-12-04,62864.0
2018-12-05,59104.0
2018-12-06,67440.0
2018-12-07,59680.0
2018-12-08,32304.0
2018-12-09,31120.0
2018-12-10,59360.0
2018-12-11,62848.0
2018-12-12,61952.0
2018-12-13,60928.0
2018-12-14,58752.0
2018-12-15,25136.0
2018-12-16,35184.0
2018-12-17,60208.0
2018-12-18,61104.0
2018-12-19,64144.0
2018-12-20,62064.0
2018-12-21,51520.0
2018-12-22,36016.0
2018-12-23,23616.0
2018-12-24,33088.0
2018-12-25,12736.0
2018-12-26,20896.0
2018-12-27,32368.0
2018-12-28,34928.0
2018-12-29,29760.0
2018-12-30,29264.0
2018-12-31,33968.0
2019-01-01,18000.0
2019-01-02,48528.0
2019-01-03,54400.0
2019-01-04,55360.0
2019-01-05,35680.0
2019-01-06,33376.0
2019-01-07,59568.0
2019-01-08,61312.0
2019-01-09,62688.0
2019-01-10,62016.0
2019-01-11,58480.0
2019-01-12,37040.0
2019-01-13,30224.0
2019-01-14,59632.0
2019-01-15,61296.0
2019-01-16,62736.0
2019-01-17,63840.0
2019-01-18,59584.0
2019-01-19,37248.0
2019-01-20,29632.0
2019-01-21,56528.0
2019-01-22,60736.0
2019-01-23,62736.0
2019-01-24,57824.0
2019-01-25,63552.0
2019-01-26,33792.0
2019-01-27,29968.0
2019-01-28,60848.0
2019-01-29,60624.0
2019-01-30,61792.0
2019-01-31,53584.0
2019-02-01,59600.0
2019-02-02,34944.0
2019-02-03,31152.0
2019-02-04,59120.0
2019-02-05,58448.0
2019-02-06,62304.0
2019-02-07,62032.0
2019-02-08,56528.0
2019-02-09,35632.0
2019-02-10,28032.0
2019-02-11,59024.0
2019-02-12,62896.0
2019-02-13,67184.0
2019-02-14,68560.0
2019-02-15,60832.0
2019-02-16,38752.0
2019-02-17,35328.0
2019-02-18,60704.0
2019-02-19,62496.0
2019-02-20,66224.0
2019-02-21,70672.0
2019-02-22,65728.0
2019-02-23,44176.0
2019-02-24,36976.0
2019-02-25,61104.0
2019-02-26,66208.0
2019-02-27,66144.0
2019-02-28,65504.0
2019-03-01,60464.0
2019-03-02,38816.0
2019-03-03,18448.0
2019-03-04,58912.0
2019-03-05,60160.0
2019-03-06,67248.0
2019-03-07,65088.0
2019-03-08,30096.0
2019-03-09,38224.0
2019-03-10,29296.0
2019-03-11,60816.0
2019-03-12,62112.0
2019-03-13,62048.0
2019-03-14,60576.0
2019-03-15,57952.0
2019-03-16,30656.0
2019-03-17,26432.0
2019-03-18,28992.0
2019-03-19,60944.0
2019-03-20,68352.0
2019-03-21,68112.0
2019-03-22,62432.0
2019-03-23,39312.0
2019-03-24,34016.0
2019-03-25,64448.0
2019-03-26,67520.0
2019-03-27,66464.0
2019-03-28,67472.0
2019-03-29,65216.0
2019-03-30,42336.0
2019-03-31,33248.0
2019-04-01,61504.0
2019-04-02,60688.0
2019-04-03,57216.0
2019-04-04,55312.0
2019-04-05,59424.0
2019-04-06,39616.0
2019-04-07,34592.0
2019-04-08,52848.0
2019-04-09,65168.0
2019-04-10,62992.0
2019-04-11,66352.0
2019-04-12,62496.0
2019-04-13,39600.0
2019-04-14,33152.0
2019-04-15,51216.0
2019-04-16,61568.0
2019-04-17,65728.0
2019-04-18,65920.0
2019-04-19,50288.0
2019-04-20,41376.0
2019-04-21,35072.0
2019-04-22,34592.0
2019-04-23,59952.0
2019-04-24,56528.0
2019-04-25,58560.0
2019-04-26,55232.0
2019-04-27,34928.0
2019-04-28,35088.0
2019-04-29,59824.0
2019-04-30,64544.0
2019-05-01,69136.0
2019-05-02,66848.0
2019-05-03,65680.0
2019-05-04,42336.0
2019-05-05,31344.0
2019-05-06,35248.0
2019-05-07,63264.0
2019-05-08,56768.0
2019-05-09,58912.0
2019-05-10,64560.0
2019-05-11,42480.0
2019-05-12,37120.0
2019-05-13,63376.0
2019-05-14,69328.0
2019-05-15,68480.0
2019-05-16,68976.0
2019-05-17,62096.0
2019-05-18,41664.0
2019-05-19,38352.0
2019-05-20,66976.0
2019-05-21,68816.0
2019-05-22,68656.0
2019-05-23,69632.0
2019-05-24,71120.0
2019-05-25,46048.0
2019-05-26,39040.0
2019-05-27,58048.0
2019-05-28,67616.0
2019-05-29,62624.0
2019-05-30,67856.0
2019-05-31,68304.0
2019-06-01,43632.0
2019-06-02,34736.0
2019-06-03,34128.0
2019-06-04,39952.0
2019-06-05,61488.0
2019-06-06,65296.0
2019-06-07,67280.0
2019-06-08,44080.0
2019-06-09,35680.0
2019-06-10,66848.0
2019-06-11,67248.0
2019-06-12,17392.0
2019-06-13,68232.0
2019-06-14,67288.0
2019-06-15,44264.0
2019-06-16,39112.0
2019-06-17,65472.0
2019-06-18,68864.0
2019-06-19,44312.0
2019-06-20,69700.0
2019-06-21,67292.0
2019-06-22,44356.0
2019-06-23,40828.0
2019-06-24,64784.0
2019-06-25,69672.0
2019-06-26,57772.0
2019-06-27,70434.0
2019-06-28,67294.0
2019-06-29,44402.0
2019-06-30,41686.0
2019-07-01,64096.0
2019-07-02,70480.0
2019-07-03,71232.0
2019-07-04,71168.0
2019-07-05,67296.0
2019-07-06,44448.0
2019-07-07,42544.0
2019-07-08,66272.0
2019-07-09,72304.0
2019-07-10,66544.0
2019-07-11,71744.0
2019-07-12,68016.0
2019-07-13,46576.0
2019-07-14,46048.0
2019-07-15,67344.0
2019-07-16,72432.0
2019-07-17,66656.0
2019-07-18,71760.0
2019-07-19,67552.0
2019-07-20,49920.0
2019-07-21,35296.0
2019-07-22,67200.0
2019-07-23,70480.0
2019-07-24,70560.0
2019-07-25,69760.0
2019-07-26,70400.0
2019-07-27,48304.0
2019-07-28,43664.0
2019-07-29,63088.0
2019-07-30,62864.0
2019-07-31,71824.0
2019-08-01,70912.0
2019-08-02,67344.0
2019-08-03,41968.0
2019-08-04,34368.0
2019-08-05,38240.0
2019-08-06,62336.0
2019-08-07,72208.0
2019-08-08,73008.0
2019-08-09,62720.0
2019-08-10,44512.0
2019-08-11,39664.0
2019-08-12,61392.0
2019-08-13,66976.0
2019-08-14,69488.0
2019-08-15,68112.0
2019-08-16,65088.0
2019-08-17,44368.0
2019-08-18,38720.0
2019-08-19,64736.0
2019-08-20,63440.0
2019-08-21,67552.0
2019-08-22,70144.0
2019-08-23,73040.0
2019-08-24,46672.0
2019-08-25,44432.0
2019-08-26,69024.0
2019-08-27,67392.0
2019-08-28,69952.0
2019-08-29,71008.0
2019-08-30,67792.0
2019-08-31,45504.0
2019-09-01,36464.0
2019-09-02,60512.0
2019-09-03,66576.0
2019-09-04,70448.0
2019-09-05,70528.0
2019-09-06,69168.0
2019-09-07,46784.0
2019-09-08,35712.0
2019-09-09,65248.0
2019-09-10,71152.0
2019-09-11,67792.0
2019-09-12,73200.0
2019-09-13,70368.0
2019-09-14,47040.0
2019-09-15,27376.0
2019-09-16,63824.0
2019-09-17,65376.0
2019-09-18,71904.0
2019-09-19,75648.0
2019-09-20,72896.0
2019-09-21,43248.0
2019-09-22,31888.0
2019-09-23,61904.0
2019-09-24,70544.0
2019-09-25,71904.0
2019-09-26,70640.0
2019-09-27,66416.0
2019-09-28,37664.0
2019-09-29,36192.0
2019-09-30,49680.0
2019-10-01,101536.0
2019-10-02,72368.0
2019-10-03,64080.0
2019-10-04,62080.0
2019-10-05,34080.0
2019-10-06,35792.0
2019-10-07,66368.0
2019-10-08,69632.0
2019-10-09,69424.0
2019-10-10,67136.0
2019-10-11,69840.0
2019-10-12,40160.0
2019-10-13,33680.0
2019-10-14,60368.0
2019-10-15,66128.0
2019-10-16,73232.0
2019-10-17,67840.0
2019-10-18,65008.0
2019-10-19,38016.0
2019-10-20,36880.0
2019-10-21,63504.0
2019-10-22,65488.0
2019-10-23,68656.0
2019-10-24,70784.0
2019-10-25,51312.0
2019-10-26,41232.0
2019-10-27,36224.0
2019-10-28,34352.0
2019-10-29,61024.0
2019-10-30,63344.0
2019-10-31,58864.0
2019-11-01,59376.0
2019-11-02,32064.0
2019-11-03,34416.0
2019-11-04,49616.0
2019-11-05,64224.0
2019-11-06,64224.0
2019-11-07,45392.0
2019-11-08,66576.0
2019-11-09,32976.0
2019-11-10,29760.0
2019-11-11,62624.0
2019-11-12,63664.0
2019-11-13,56464.0
2019-11-14,61760.0
2019-11-15,61472.0
2019-11-16,38336.0
2019-11-17,33456.0
2019-11-18,53664.0
2019-11-19,56272.0
2019-11-20,59472.0
2019-11-21,55952.0
2019-11-22,51904.0
2019-11-23,33248.0
2019-11-24,31600.0
2019-11-25,58816.0
2019-11-26,56880.0
2019-11-27,63616.0
2019-11-28,63728.0
2019-11-29,62432.0
2019-11-30,37776.0
2019-12-01,30352.0
2019-12-02,61248.0
2019-12-03,64256.0
2019-12-04,65920.0
2019-12-05,63760.0
2019-12-06,49120.0
2019-12-07,36224.0
2019-12-08,25936.0
2019-12-09,416.0
2019-12-10,34480.0
2019-12-11,66912.0
2019-12-12,40496.0
2019-12-13,33024.0
2019-12-14,41200.0
2019-12-15,27648.0
2019-12-16,56160.0
2019-12-17,13840.0
2019-12-18,0.0
2019-12-19,0.0
2019-12-20,0.0
2019-12-21,0.0
2019-12-22,29456.0
2019-12-23,15440.0
2019-12-24,38432.0
2019-12-25,448.0
2019-12-26,0.0
2019-12-27,0.0
2019-12-28,0.0
2019-12-29,0.0
2019-12-30,36544.0
2019-12-31,11024.0
2020-01-01,33824.0
2020-01-02,0.0
2020-01-03,52816.0
2020-01-04,656.0
2020-01-05,30784.0
2020-01-06,272.0
2020-01-07,0.0
2020-01-08,0.0
2020-01-09,0.0
2020-01-10,0.0
2020-01-11,0.0
2020-01-12,0.0
2020-01-13,51984.0
2020-01-14,34256.0
2020-01-15,0.0
2020-01-16,0.0
2020-01-17,0.0
2020-01-18,0.0
2020-01-19,0.0
2020-01-20,0.0
2020-01-21,0.0
2020-01-22,0.0
2020-01-23,69904.0
2020-01-24,752.0
2020-01-25,36592.0
2020-01-26,0.0
2020-01-27,35824.0
2020-01-28,61312.0
2020-01-29,64224.0
2020-01-30,65184.0
2020-01-31,62592.0
2020-02-01,35312.0
2020-02-02,32496.0
2020-02-03,57920.0
2020-02-04,62336.0
2020-02-05,59632.0
2020-02-06,63008.0
2020-02-07,58848.0
2020-02-08,35360.0
2020-02-09,18720.0
2020-02-10,54064.0
2020-02-11,50048.0
2020-02-12,61344.0
2020-02-13,61696.0
2020-02-14,57856.0
2020-02-15,26000.0
2020-02-16,27872.0
2020-02-17,57152.0
2020-02-18,56016.0
2020-02-19,55456.0
2020-02-20,57680.0
2020-02-21,53072.0
2020-02-22,35632.0
2020-02-23,30192.0
2020-02-24,56976.0
2020-02-25,58000.0
2020-02-26,60832.0
2020-02-27,62944.0
2020-02-28,61360.0
2020-02-29,27344.0
2020-03-01,30512.0
2020-03-02,58240.0
2020-03-03,64816.0
2020-03-04,65888.0
2020-03-05,62096.0
2020-03-06,60288.0
2020-03-07,33216.0
2020-03-08,29936.0
2020-03-09,48304.0
2020-03-10,60400.0
2020-03-11,54928.0
2020-03-12,53664.0
2020-03-13,46320.0
2020-03-14,27840.0
2020-03-15,25552.0
2020-03-16,25696.0
2020-03-17,20416.0
2020-03-18,33392.0
2020-03-19,30064.0
2020-03-20,28672.0
2020-03-21,19232.0
2020-03-22,17808.0
2020-03-23,28368.0
2020-03-24,25328.0
2020-03-25,25600.0
2020-03-26,24576.0
2020-03-27,23136.0
2020-03-28,11968.0
2020-03-29,9296.0
2020-03-30,15120.0
2020-03-31,15472.0
2020-04-01,31040.0
2020-04-02,15584.0
2020-04-03,15648.0
2020-04-04,13776.0
2020-04-05,11888.0
2020-04-06,17152.0
2020-04-07,17232.0
2020-04-08,19584.0
2020-04-09,16640.0
2020-04-10,17520.0
2020-04-11,19024.0
2020-04-12,8160.0
2020-04-13,14096.0
2020-04-14,17600.0
2020-04-15,18880.0
2020-04-16,18336.0
2020-04-17,18672.0
2020-04-18,14912.0
2020-04-19,16048.0
2020-04-20,19824.0
2020-04-21,18064.0
2020-04-22,18928.0
2020-04-23,20144.0
2020-04-24,21072.0
2020-04-25,20304.0
2020-04-26,13824.0
2020-04-27,18112.0
2020-04-28,19952.0
2020-04-29,17856.0
2020-04-30,17008.0
2020-05-01,19312.0
2020-05-02,21216.0
2020-05-03,20752.0
2020-05-04,19680.0
2020-05-05,23616.0
2020-05-06,24352.0
2020-05-07,23328.0
2020-05-08,25680.0
2020-05-09,28368.0
2020-05-10,14976.0
2020-05-11,20432.0
2020-05-12,23024.0
2020-05-13,23600.0
2020-05-14,26880.0
2020-05-15,24960.0
2020-05-16,25536.0
2020-05-17,24608.0
2020-05-18,22208.0
2020-05-19,29664.0
2020-05-20,32832.0
2020-05-21,27680.0
2020-05-22,23952.0
2020-05-23,24224.0
2020-05-24,29184.0
2020-05-25,30320.0
2020-05-26,33136.0
2020-05-27,32752.0
2020-05-28,34576.0
2020-05-29,36272.0
2020-05-30,38176.0
2020-05-31,29376.0
2020-06-01,31392.0
2020-06-02,33744.0
2020-06-03,28848.0
2020-06-04,29328.0
2020-06-05,30288.0
2020-06-06,24192.0
2020-06-07,25056.0
2020-06-08,33696.0
2020-06-09,32736.0
2020-06-10,29808.0
2020-06-11,28240.0
2020-06-12,32560.0
2020-06-13,28080.0
2020-06-14,24768.0
2020-06-15,38704.0
2020-06-16,35856.0
2020-06-17,34320.0
2020-06-18,30352.0
2020-06-19,35440.0
2020-06-20,33696.0
2020-06-21,25936.0
2020-06-22,33584.0
2020-06-23,35536.0
2020-06-24,39296.0
2020-06-25,39184.0
2020-06-26,40032.0
2020-06-27,24272.0
2020-06-28,19696.0
2020-06-29,32464.0
2020-06-30,37520.0
2020-07-01,61056.0
2020-07-02,41152.0
2020-07-03,38288.0
2020-07-04,33968.0
2020-07-05,26192.0
2020-07-06,37408.0
2020-07-07,23920.0
2020-07-08,27168.0
2020-07-09,36928.0
2020-07-10,40064.0
2020-07-11,33120.0
2020-07-12,28528.0
2020-07-13,34160.0
2020-07-14,32976.0
2020-07-15,38688.0
2020-07-16,38736.0
2020-07-17,38272.0
2020-07-18,34064.0
2020-07-19,32368.0
2020-07-20,38784.0
2020-07-21,41264.0
2020-07-22,40176.0
2020-07-23,38736.0
2020-07-24,35872.0
2020-07-25,33536.0
2020-07-26,29952.0
2020-07-27,37152.0
2020-07-28,40112.0
2020-07-29,39808.0
2020-07-30,41776.0
2020-07-31,42064.0
2020-08-01,33616.0
2020-08-02,28208.0
2020-08-03,30288.0
2020-08-04,40544.0
2020-08-05,38944.0
2020-08-06,40240.0
2020-08-07,45328.0
2020-08-08,37680.0
2020-08-09,31552.0
2020-08-10,36096.0
2020-08-11,41008.0
2020-08-12,42144.0
2020-08-13,42336.0
2020-08-14,45088.0
2020-08-15,38448.0
2020-08-16,29296.0
2020-08-17,29024.0
2020-08-18,37552.0
2020-08-19,31360.0
2020-08-20,40032.0
2020-08-21,41600.0
2020-08-22,32896.0
2020-08-23,31376.0
2020-08-24,36880.0
2020-08-25,31440.0
2020-08-26,42304.0
2020-08-27,37584.0
2020-08-28,35072.0
2020-08-29,32896.0
2020-08-30,32560.0
2020-08-31,39488.0
2020-09-01,43648.0
2020-09-02,36080.0
2020-09-03,43456.0
2020-09-04,40272.0
2020-09-05,36544.0
2020-09-06,30736.0
2020-09-07,39024.0
2020-09-08,44448.0
2020-09-09,45456.0
2020-09-10,44704.0
2020-09-11,40016.0
2020-09-12,36064.0
2020-09-13,32608.0
2020-09-14,43152.0
2020-09-15,44512.0
2020-09-16,47168.0
2020-09-17,46320.0
2020-09-18,45872.0
2020-09-19,35280.0
2020-09-20,30256.0
2020-09-21,43696.0
2020-09-22,41968.0
2020-09-23,43056.0
2020-09-24,35744.0
2020-09-25,41552.0
2020-09-26,33856.0
2020-09-27,32560.0
2020-09-28,36576.0
2020-09-29,42224.0
2020-09-30,35808.0
2020-10-01,78112.0
2020-10-02,43312.0
2020-10-03,33216.0
2020-10-04,14864.0
2020-10-05,39488.0
2020-10-06,38240.0
2020-10-07,38768.0
2020-10-08,40032.0
2020-10-09,40352.0
2020-10-10,33856.0
2020-10-11,27328.0
2020-10-12,37104.0
2020-10-13,39440.0
2020-10-14,41104.0
2020-10-15,37872.0
2020-10-16,39968.0
2020-10-17,32432.0
2020-10-18,29952.0
2020-10-19,34528.0
2020-10-20,41392.0
2020-10-21,42992.0
2020-10-22,29952.0
2020-10-23,29696.0
2020-10-24,26080.0
2020-10-25,23040.0
2020-10-26,19824.0
2020-10-27,28192.0
2020-10-28,28032.0
2020-10-29,25072.0
2020-10-30,31824.0
2020-10-31,24384.0
2020-11-01,16896.0
2020-11-02,26176.0
2020-11-03,29776.0
2020-11-04,30384.0
2020-11-05,29632.0
2020-11-06,31760.0
2020-11-07,27136.0
2020-11-08,22032.0
2020-11-09,27744.0
2020-11-10,30464.0
2020-11-11,23456.0
2020-11-12,30256.0
2020-11-13,31664.0
2020-11-14,23232.0
2020-11-15,17856.0
2020-11-16,26368.0
2020-11-17,32496.0
2020-11-18,28160.0
2020-11-19,30160.0
2020-11-20,29472.0
2020-11-21,25296.0
2020-11-22,22672.0
2020-11-23,28208.0
2020-11-24,29312.0
2020-11-25,30576.0
2020-11-26,31024.0
2020-11-27,31056.0
2020-11-28,24320.0
2020-11-29,21200.0
2020-11-30,27184.0
2020-12-01,35456.0
2020-12-02,36192.0
2020-12-03,34800.0
2020-12-04,32208.0
2020-12-05,28736.0
2020-12-06,21056.0
2020-12-07,31616.0
2020-12-08,35088.0
2020-12-09,30560.0
2020-12-10,32688.0
2020-12-11,34672.0
2020-12-12,27232.0
2020-12-13,21232.0
2020-12-14,35376.0
2020-12-15,35440.0
2020-12-16,34592.0
2020-12-17,38176.0
2020-12-18,33888.0
2020-12-19,27168.0
2020-12-20,22576.0
2020-12-21,26816.0
2020-12-22,33456.0
2020-12-23,25040.0
2020-12-24,23280.0
2020-12-25,7280.0
2020-12-26,9392.0
2020-12-27,14480.0
2020-12-28,17584.0
2020-12-29,21472.0
2020-12-30,21456.0
2020-12-31,17152.0
2021-01-01,21936.0
2021-01-02,14064.0
2021-01-03,11712.0
2021-01-04,18768.0
2021-01-05,21104.0
2021-01-06,19248.0
2021-01-07,18176.0
2021-01-08,20416.0
2021-01-09,17184.0
2021-01-10,13456.0
2021-01-11,16448.0
2021-01-12,18112.0
2021-01-13,16912.0
2021-01-14,19296.0
2021-01-15,21520.0
2021-01-16,19584.0
2021-01-17,16864.0
2021-01-18,15504.0
2021-01-19,16832.0
2021-01-20,16032.0
2021-01-21,19616.0
2021-01-22,21184.0
2021-01-23,20192.0
2021-01-24,13392.0
2021-01-25,16240.0
2021-01-26,18928.0
2021-01-27,19280.0
2021-01-28,22144.0
2021-01-29,19264.0
2021-01-30,11360.0
2021-01-31,11312.0
2021-02-01,20464.0
2021-02-02,20848.0
2021-02-03,22032.0
2021-02-04,22288.0
2021-02-05,20592.0
2021-02-06,17904.0
2021-02-07,14240.0
2021-02-08,17856.0
2021-02-09,19200.0
2021-02-10,16400.0
2021-02-11,18768.0
2021-02-12,19024.0
2021-02-13,16752.0
2021-02-14,13120.0
2021-02-15,21168.0
2021-02-16,23376.0
2021-02-17,18992.0
2021-02-18,20464.0
2021-02-19,19312.0
2021-02-20,16624.0
2021-02-21,22176.0
2021-02-22,19488.0
2021-02-23,15312.0
2021-02-24,21280.0
2021-02-25,22672.0
2021-02-26,21920.0
2021-02-27,26496.0
2021-02-28,22864.0
2021-03-01,21408.0
2021-03-02,21648.0
2021-03-03,22048.0
2021-03-04,18832.0
2021-03-05,22928.0
2021-03-06,27056.0
2021-03-07,23632.0
2021-03-08,25840.0
2021-03-09,24080.0
2021-03-10,18976.0
2021-03-11,22928.0
2021-03-12,27472.0
2021-03-13,20048.0
2021-03-14,17456.0
2021-03-15,23968.0
2021-03-16,29616.0
2021-03-17,27376.0
2021-03-18,28432.0
2021-03-19,28032.0
2021-03-20,27792.0
2021-03-21,24368.0
2021-03-22,25664.0
2021-03-23,25760.0
2021-03-24,27152.0
2021-03-25,27232.0
2021-03-26,22864.0
2021-03-27,26240.0
2021-03-28,23296.0
2021-03-29,26896.0
2021-03-30,34512.0
2021-03-31,31168.0
2021-04-01,57760.0
2021-04-02,33920.0
2021-04-03,33280.0
2021-04-04,25360.0
2021-04-05,20128.0
2021-04-06,25440.0
2021-04-07,23536.0
2021-04-08,26096.0
2021-04-09,25488.0
2021-04-10,25936.0
2021-04-11,19632.0
2021-04-12,24752.0
2021-04-13,28112.0
2021-04-14,31184.0
2021-04-15,29760.0
2021-04-16,30944.0
2021-04-17,29280.0
2021-04-18,19952.0
2021-04-19,29104.0
2021-04-20,28048.0
2021-04-21,32768.0
2021-04-22,34528.0
2021-04-23,35360.0
2021-04-24,29904.0
2021-04-25,26720.0
2021-04-26,32496.0
2021-04-27,28832.0
2021-04-28,29184.0
2021-04-29,29904.0
2021-04-30,31664.0
2021-05-01,26240.0
2021-05-02,25600.0
2021-05-03,14384.0
2021-05-04,27664.0
2021-05-05,28400.0
2021-05-06,31552.0
2021-05-07,33568.0
2021-05-08,26288.0
2021-05-09,21920.0
2021-05-10,28272.0
2021-05-11,34272.0
2021-05-12,29520.0
2021-05-13,34256.0
2021-05-14,32512.0
2021-05-15,21440.0
2021-05-16,24672.0
2021-05-17,32832.0
2021-05-18,30848.0
2021-05-19,35776.0
2021-05-20,23888.0
2021-05-21,25824.0
2021-05-22,29280.0
2021-05-23,20000.0
2021-05-24,31872.0
2021-05-25,32304.0
2021-05-26,36960.0
2021-05-27,30656.0
2021-05-28,30784.0
2021-05-29,35552.0
2021-05-30,29040.0
2021-05-31,36672.0
2021-06-01,36800.0
2021-06-02,36880.0
2021-06-03,39056.0
2021-06-04,38544.0
2021-06-05,31456.0
2021-06-06,27296.0
2021-06-07,33504.0
2021-06-08,37312.0
2021-06-09,38048.0
2021-06-10,38192.0
2021-06-11,44560.0
2021-06-12,35664.0
2021-06-13,32976.0
2021-06-14,35696.0
2021-06-15,42224.0
2021-06-16,42016.0
2021-06-17,41952.0
2021-06-18,43120.0
2021-06-19,35312.0
2021-06-20,29408.0
2021-06-21,40784.0
2021-06-22,40912.0
2021-06-23,36384.0
2021-06-24,37216.0
2021-06-25,40704.0
2021-06-26,37504.0
2021-06-27,30496.0
2021-06-28,40704.0
2021-06-29,41472.0
2021-06-30,40976.0
2021-07-01,86144.0
2021-07-02,43200.0
2021-07-03,34288.0
2021-07-04,25856.0
2021-07-05,42912.0
2021-07-06,31680.0
2021-07-07,40704.0
2021-07-08,40944.0
2021-07-09,336.0
2021-07-10,39088.0
2021-07-11,21008.0
2021-07-12,40496.0
2021-07-13,41136.0
2021-07-14,41200.0
2021-07-15,45872.0
2021-07-16,43712.0
2021-07-17,36816.0
2021-07-18,31152.0
2021-07-19,2912.0
2021-07-20,44240.0
2021-07-21,45664.0
2021-07-22,45040.0
2021-07-23,45424.0
2021-07-24,39168.0
2021-07-25,34320.0
2021-07-26,41344.0
2021-07-27,37792.0
2021-07-28,37344.0
2021-07-29,42224.0
2021-07-30,30704.0
2021-07-31,34816.0
2021-08-01,31024.0
2021-08-02,30832.0
2021-08-03,39168.0
2021-08-04,41312.0
2021-08-05,35904.0
2021-08-06,37952.0
2021-08-07,29408.0
2021-08-08,30704.0
2021-08-09,37600.0
2021-08-10,40688.0
2021-08-11,40304.0
2021-08-12,42304.0
2021-08-13,42992.0
2021-08-14,29936.0
2021-08-15,30064.0
2021-08-16,37856.0
2021-08-17,35968.0
2021-08-18,40032.0
2021-08-19,38416.0
2021-08-20,42464.0
2021-08-21,31280.0
2021-08-22,29248.0
2021-08-23,43328.0
2021-08-24,45520.0
2021-08-25,42432.0
2021-08-26,41488.0
2021-08-27,45120.0
2021-08-28,39872.0
2021-08-29,32640.0
2021-08-30,40560.0
2021-08-31,39296.0
2021-09-01,43376.0
2021-09-02,42944.0
2021-09-03,44176.0
2021-09-04,38320.0
2021-09-05,33584.0
2021-09-06,43392.0
2021-09-07,48960.0
2021-09-08,48464.0
2021-09-09,46496.0
2021-09-10,48832.0
2021-09-11,39888.0
2021-09-12,34016.0
2021-09-13,45232.0
2021-09-14,47024.0
2021-09-15,49664.0
2021-09-16,49984.0
2021-09-17,45792.0
2021-09-18,41456.0
2021-09-19,37328.0
2021-09-20,48272.0
2021-09-21,48032.0
2021-09-22,50032.0
2021-09-23,50080.0
2021-09-24,51296.0
2021-09-25,46592.0
2021-09-26,32736.0
2021-09-27,46288.0
2021-09-28,48560.0
2021-09-29,51120.0
2021-09-30,12624.0
2021-10-01,128352.0
2021-10-02,64096.0
2021-10-03,52032.0
2021-10-04,71264.0
2021-10-05,76016.0
2021-10-06,76864.0
2021-10-07,79888.0
2021-10-08,82800.0
2021-10-09,68208.0
2021-10-10,55632.0
2021-10-11,75120.0
2021-10-12,80112.0
2021-10-13,81536.0
2021-10-14,80096.0
2021-10-15,78128.0
2021-10-16,64688.0
2021-10-17,64080.0
2021-10-18,77232.0
2021-10-19,78752.0
2021-10-20,61136.0
2021-10-21,82064.0
2021-10-22,73696.0
2021-10-23,59040.0
2021-10-24,56272.0
2021-10-25,56416.0
2021-10-26,74896.0
2021-10-27,67408.0
2021-10-28,65568.0
2021-10-29,71824.0
2021-10-30,59408.0
2021-10-31,43904.0
2021-11-01,64304.0
2021-11-02,73184.0
2021-11-03,72336.0
2021-11-04,73152.0
2021-11-05,76112.0
2021-11-06,57952.0
2021-11-07,51392.0
2021-11-08,67600.0
2021-11-09,45408.0
2021-11-10,28752.0
2021-11-11,78736.0
2021-11-12,77248.0
2021-11-13,57664.0
2021-11-14,53792.0
2021-11-15,73984.0
2021-11-16,74224.0
2021-11-17,74080.0
2021-11-18,74512.0
2021-11-19,41344.0
2021-11-20,22224.0
2021-11-21,57200.0
2021-11-22,68256.0
2021-11-23,70400.0
2021-11-24,66336.0
2021-11-25,69440.0
2021-11-26,66304.0
2021-11-27,54832.0
2021-11-28,48576.0
2021-11-29,26176.0
2021-11-30,25312.0
2021-12-01,71952.0
2021-12-02,63136.0
2021-12-03,64704.0
2021-12-04,49888.0
2021-12-05,47296.0
2021-12-06,61184.0
2021-12-07,39072.0
2021-12-08,51504.0
2021-12-09,58416.0
2021-12-10,61920.0
2021-12-11,45664.0
2021-12-12,44528.0
2021-12-13,57088.0
2021-12-14,65072.0
2021-12-15,66800.0
2021-12-16,64880.0
2021-12-17,63136.0
2021-12-18,55952.0
2021-12-19,42544.0
2021-12-20,59280.0
2021-12-21,50016.0
2021-12-22,50640.0
2021-12-23,54960.0
2021-12-24,40864.0
2021-12-25,6288.0
2021-12-26,23920.0
2021-12-27,35552.0
2021-12-28,36752.0
2021-12-29,43424.0
2021-12-30,29328.0
2021-12-31,44304.0
2022-01-01,27056.0
2022-01-02,15136.0
2022-01-03,15200.0
2022-01-04,21344.0
2022-01-05,19488.0
2022-01-06,18400.0
2022-01-07,17984.0
2022-01-08,15024.0
2022-01-09,14496.0
2022-01-10,20416.0
2022-01-11,22912.0
2022-01-12,21888.0
2022-01-13,24912.0
2022-01-14,25600.0
2022-01-15,16336.0
2022-01-16,18080.0
2022-01-17,24000.0
2022-01-18,23200.0
2022-01-19,24432.0
2022-01-20,24816.0
2022-01-21,22560.0
2022-01-22,20704.0
2022-01-23,18272.0
2022-01-24,26272.0
2022-01-25,23984.0
2022-01-26,25184.0
2022-01-27,27968.0
2022-01-28,25600.0
2022-01-29,20896.0
2022-01-30,18064.0
2022-01-31,22816.0
2022-02-01,22800.0
2022-02-02,27744.0
2022-02-03,26192.0
2022-02-04,26432.0
2022-02-05,18112.0
2022-02-06,13664.0
2022-02-07,25264.0
2022-02-08,23184.0
2022-02-09,27088.0
2022-02-10,25808.0
2022-02-11,25968.0
2022-02-12,20672.0
2022-02-13,17472.0
2022-02-14,26640.0
2022-02-15,27328.0
2022-02-16,24576.0
2022-02-17,25360.0
2022-02-18,21824.0
2022-02-19,17408.0
2022-02-20,12848.0
2022-02-21,23552.0
2022-02-22,27168.0
2022-02-23,24608.0
2022-02-24,26320.0
2022-02-25,27552.0
2022-02-26,18528.0
2022-02-27,16352.0
2022-02-28,23984.0
2022-03-01,27744.0
2022-03-02,22528.0
2022-03-03,26464.0
2022-03-04,29232.0
2022-03-05,22144.0
2022-03-06,20704.0
2022-03-07,23792.0
2022-03-08,26480.0
2022-03-09,21904.0
2022-03-10,28528.0
2022-03-11,24896.0
2022-03-12,18784.0
2022-03-13,16704.0
2022-03-14,25328.0
2022-03-15,28976.0
2022-03-16,28496.0
2022-03-17,16384.0
2022-03-18,19920.0
2022-03-19,17312.0
2022-03-20,18752.0
2022-03-21,25440.0
2022-03-22,27792.0
2022-03-23,27408.0
2022-03-24,30624.0
2022-03-25,28688.0
2022-03-26,24880.0
2022-03-27,23584.0
2022-03-28,27872.0
2022-03-29,31056.0
2022-03-30,28704.0
2022-03-31,29552.0
2022-04-01,26208.0
2022-04-02,22016.0
2022-04-03,20144.0
2022-04-04,27344.0
2022-04-05,26272.0
2022-04-06,25280.0
2022-04-07,29904.0
2022-04-08,28576.0
2022-04-09,22736.0
2022-04-10,21472.0
2022-04-11,27712.0
2022-04-12,26032.0
2022-04-13,28944.0
2022-04-14,31008.0
2022-04-15,28368.0
2022-04-16,23312.0
2022-04-17,17312.0
2022-04-18,14656.0
2022-04-19,24864.0
2022-04-20,28896.0
2022-04-21,29456.0
2022-04-22,29136.0
2022-04-23,23984.0
2022-04-24,20768.0
2022-04-25,26448.0
2022-04-26,29264.0
2022-04-27,26048.0
2022-04-28,28608.0
2022-04-29,29664.0
2022-04-30,19984.0
2022-05-01,16256.0
2022-05-02,17664.0
2022-05-03,31984.0
2022-05-04,32400.0
2022-05-05,29936.0
2022-05-06,27120.0
2022-05-07,23584.0
2022-05-08,23728.0
2022-05-09,29040.0
2022-05-10,32928.0
2022-05-11,33056.0
2022-05-12,32736.0
2022-05-13,29360.0
2022-05-14,26768.0
2022-05-15,22704.0
2022-05-16,30528.0
2022-05-17,26800.0
2022-05-18,28992.0
2022-05-19,31264.0
2022-05-20,30608.0
2022-05-21,23456.0
2022-05-22,19408.0
2022-05-23,31136.0
2022-05-24,31296.0
2022-05-25,33408.0
2022-05-26,33504.0
2022-05-27,30720.0
2022-05-28,27056.0
2022-05-29,24480.0
2022-05-30,28336.0
2022-05-31,30416.0
2022-06-01,30576.0
2022-06-02,30304.0
2022-06-03,28256.0
2022-06-04,22512.0
2022-06-05,13808.0
2022-06-06,18208.0
2022-06-07,25200.0
2022-06-08,31120.0
2022-06-09,29072.0
2022-06-10,27200.0
2022-06-11,21488.0
2022-06-12,20416.0
2022-06-13,26960.0
2022-06-14,32240.0
2022-06-15,32240.0
2022-06-16,33616.0
2022-06-17,31728.0
2022-06-18,23712.0
2022-06-19,19120.0
2022-06-20,32304.0
2022-06-21,32368.0
2022-06-22,32080.0
2022-06-23,32272.0
2022-06-24,29072.0
2022-06-25,25584.0
2022-06-26,18624.0
2022-06-27,30448.0
2022-06-28,27840.0
2022-06-29,32240.0
2022-06-30,30384.0
2022-07-01,30608.0
2022-07-02,24368.0
2022-07-03,20672.0
2022-07-04,31632.0
2022-07-05,31680.0
2022-07-06,32032.0
2022-07-07,32080.0
2022-07-08,30096.0
2022-07-09,25424.0
2022-07-10,22848.0
2022-07-11,29520.0
2022-07-12,28976.0
2022-07-13,34160.0
2022-07-14,33056.0
2022-07-15,31376.0
2022-07-16,26032.0
2022-07-17,24768.0
2022-07-18,31456.0
2022-07-19,32000.0
2022-07-20,30736.0
2022-07-21,34368.0
2022-07-22,31360.0
2022-07-23,24464.0
2022-07-24,23440.0
2022-07-25,30864.0
2022-07-26,32608.0
2022-07-27,30752.0
2022-07-28,33184.0
2022-07-29,29232.0
2022-07-30,19536.0
2022-07-31,22368.0
2022-08-01,16960.0
2022-08-02,29856.0
2022-08-03,31856.0
2022-08-04,30224.0
2022-08-05,29456.0
2022-08-06,23952.0
2022-08-07,21712.0
2022-08-08,30528.0
2022-08-09,31312.0
2022-08-10,32096.0
2022-08-11,32784.0
2022-08-12,33152.0
2022-08-13,27328.0
2022-08-14,26336.0
2022-08-15,28480.0
2022-08-16,31328.0
2022-08-17,32352.0
2022-08-18,31264.0
2022-08-19,30160.0
2022-08-20,21968.0
2022-08-21,18848.0
2022-08-22,27712.0
2022-08-23,31712.0
2022-08-24,30608.0
2022-08-25,31232.0
2022-08-26,30544.0
2022-08-27,24912.0
2022-08-28,20480.0
2022-08-29,28688.0
2022-08-30,32928.0
2022-08-31,29552.0
2022-09-01,9728.0
2022-09-02,6608.0
2022-09-03,16464.0
2022-09-04,19456.0
2022-09-05,26720.0
2022-09-06,26976.0
2022-09-07,28992.0
2022-09-08,29920.0
2022-09-09,28816.0
2022-09-10,23984.0
2022-09-11,17584.0
2022-09-12,27088.0
2022-09-13,31344.0
2022-09-14,31200.0
2022-09-15,31024.0
2022-09-16,29024.0
2022-09-17,21936.0
2022-09-18,20448.0
2022-09-19,28544.0
2022-09-20,32400.0
2022-09-21,31472.0
2022-09-22,26176.0
2022-09-23,28800.0
2022-09-24,24624.0
2022-09-25,18464.0
2022-09-26,28976.0
2022-09-27,30080.0
2022-09-28,27600.0
2022-09-29,32720.0
2022-09-30,26368.0
2022-10-01,22768.0
2022-10-02,22752.0
2022-10-03,28256.0
2022-10-04,27744.0
2022-10-05,30304.0
2022-10-06,31504.0
2022-10-07,30192.0
2022-10-08,25168.0
2022-10-09,14336.0
2022-10-10,28288.0
2022-10-11,29936.0
2022-10-12,32112.0
2022-10-13,30416.0
2022-10-14,30608.0
2022-10-15,20224.0
2022-10-16,17264.0
2022-10-17,27968.0
2022-10-18,29824.0
2022-10-19,24560.0
2022-10-20,32016.0
2022-10-21,24416.0
2022-10-22,23568.0
2022-10-23,18000.0
2022-10-24,29504.0
2022-10-25,28592.0
2022-10-26,28848.0
2022-10-27,31488.0
2022-10-28,29472.0
2022-10-29,20768.0
2022-10-30,21600.0
2022-10-31,15200.0
2022-11-01,26464.0
2022-11-02,24880.0
2022-11-03,27360.0
2022-11-04,25936.0
2022-11-05,20336.0
2022-11-06,18208.0
2022-11-07,25248.0
2022-11-08,29088.0
2022-11-09,29008.0
2022-11-10,29088.0
2022-11-11,30336.0
2022-11-12,22432.0
2022-11-13,18960.0
2022-11-14,27024.0
2022-11-15,28704.0
2022-11-16,28176.0
2022-11-17,29456.0
2022-11-18,28048.0
2022-11-19,19136.0
2022-11-20,15968.0
2022-11-21,23040.0
2022-11-22,26528.0
2022-11-23,14560.0
2022-11-24,28848.0
2022-11-25,29888.0
2022-11-26,21040.0
2022-11-27,16640.0
2022-11-28,26672.0
2022-11-29,29424.0
2022-11-30,28336.0
2022-12-01,31040.0
2022-12-02,28560.0
2022-12-03,20384.0
2022-12-04,13936.0
2022-12-05,24576.0
2022-12-06,27440.0
2022-12-07,27616.0
2022-12-08,26832.0
2022-12-09,21312.0
2022-12-10,16048.0
2022-12-11,14976.0
2022-12-12,20592.0
2022-12-13,27872.0
2022-12-14,26528.0
2022-12-15,26464.0
2022-12-16,23488.0
2022-12-17,14736.0
2022-12-18,14832.0
2022-12-19,23376.0
2022-12-20,26352.0
2022-12-21,22000.0
2022-12-22,22256.0
2022-12-23,17920.0
2022-12-24,12032.0
2022-12-25,8608.0
2022-12-26,8128.0
2022-12-27,14912.0
2022-12-28,16320.0
2022-12-29,14928.0
2022-12-30,16736.0
2022-12-31,16032.0
2023-01-01,10608.0
2023-01-02,14096.0
2023-01-03,21360.0
2023-01-04,23344.0
2023-01-05,22496.0
2023-01-06,23824.0
2023-01-07,17424.0
2023-01-08,16240.0
2023-01-09,22224.0
2023-01-10,23232.0
2023-01-11,22624.0
2023-01-12,23856.0
2023-01-13,24208.0
2023-01-14,17072.0
2023-01-15,15936.0
2023-01-16,25456.0
2023-01-17,24592.0
2023-01-18,25536.0
2023-01-19,23632.0
2023-01-20,25840.0
2023-01-21,18048.0
2023-01-22,15088.0
2023-01-23,26096.0
2023-01-24,27472.0
2023-01-25,26224.0
2023-01-26,28176.0
2023-01-27,27264.0
2023-01-28,20080.0
2023-01-29,15728.0
2023-01-30,27728.0
2023-01-31,27584.0
2023-02-01,26608.0
2023-02-02,26528.0
2023-02-03,27728.0
2023-02-04,18640.0
2023-02-05,17504.0
2023-02-06,15728.0
2023-02-07,25504.0
2023-02-08,26032.0
2023-02-09,29344.0
2023-02-10,26832.0
2023-02-11,20976.0
2023-02-12,15120.0
2023-02-13,26336.0
2023-02-14,29216.0
2023-02-15,26912.0
2023-02-16,28016.0
2023-02-17,28656.0
2023-02-18,20128.0
2023-02-19,13136.0
2023-02-20,26880.0
2023-02-21,30848.0
2023-02-22,27904.0
2023-02-23,30240.0
2023-02-24,27984.0
2023-02-25,22160.0
2023-02-26,14240.0
2023-02-27,26528.0
2023-02-28,28800.0
2023-03-01,29824.0
2023-03-02,29168.0
2023-03-03,27936.0
2023-03-04,17792.0
2023-03-05,12320.0
2023-03-06,23088.0
2023-03-07,29776.0
2023-03-08,27232.0
2023-03-09,19776.0
2023-03-10,23376.0
2023-03-11,15296.0
2023-03-12,17904.0
2023-03-13,24512.0
2023-03-14,26976.0
2023-03-15,25424.0
2023-03-16,26880.0
2023-03-17,16304.0
2023-03-18,16752.0
2023-03-19,14304.0
2023-03-20,27536.0
2023-03-21,28752.0
2023-03-22,28096.0
2023-03-23,30112.0
2023-03-24,26992.0
2023-03-25,20704.0
2023-03-26,15200.0
2023-03-27,28736.0
2023-03-28,28640.0
2023-03-29,28976.0
2023-03-30,29600.0
2023-03-31,24896.0
2023-04-01,15888.0
2023-04-02,18352.0
2023-04-03,27744.0
2023-04-04,29232.0
2023-04-05,30160.0
2023-04-06,28368.0
2023-04-07,26144.0
2023-04-08,22496.0
2023-04-09,15872.0
2023-04-10,15248.0
2023-04-11,26096.0
2023-04-12,22560.0
2023-04-13,29568.0
2023-04-14,27376.0
2023-04-15,22896.0
2023-04-16,15856.0
2023-04-17,29488.0
2023-04-18,31536.0
2023-04-19,29904.0
2023-04-20,29216.0
2023-04-21,26352.0
2023-04-22,14736.0
2023-04-23,16976.0
2023-04-24,23520.0
2023-04-25,26176.0
2023-04-26,29344.0
2023-04-27,29264.0
2023-04-28,28336.0
2023-04-29,20672.0
2023-04-30,17216.0
2023-05-01,14112.0
2023-05-02,28480.0
2023-05-03,31520.0
2023-05-04,29296.0
2023-05-05,30320.0
2023-05-06,24672.0
2023-05-07,21584.0
2023-05-08,27984.0
2023-05-09,31152.0
2023-05-10,31552.0
2023-05-11,29072.0
2023-05-12,27904.0
2023-05-13,23760.0
2023-05-14,18192.0
2023-05-15,27344.0
2023-05-16,30672.0
2023-05-17,30976.0
2023-05-18,31520.0
2023-05-19,29808.0
2023-05-20,22144.0
2023-05-21,19936.0
2023-05-22,28064.0
2023-05-23,30752.0
2023-05-24,32384.0
2023-05-25,31280.0
2023-05-26,29456.0
2023-05-27,24160.0
2023-05-28,18400.0
2023-05-29,29200.0
2023-05-30,31392.0
2023-05-31,32832.0
2023-06-01,29632.0
2023-06-02,24560.0
2023-06-03,21920.0
2023-06-04,20992.0
2023-06-05,17616.0
2023-06-06,26528.0
2023-06-07,28992.0
2023-06-08,29296.0
2023-06-09,27584.0
2023-06-10,21376.0
2023-06-11,19568.0
2023-06-12,27264.0
2023-06-13,29024.0
2023-06-14,31776.0
2023-06-15,31952.0
2023-06-16,25088.0
2023-06-17,21552.0
2023-06-18,22192.0
2023-06-19,28880.0
2023-06-20,28240.0
2023-06-21,33792.0
2023-06-22,32432.0
2023-06-23,29024.0
2023-06-24,20512.0
2023-06-25,18448.0
2023-06-26,29616.0
2023-06-27,32944.0
2023-06-28,32480.0
2023-06-29,31152.0
2023-06-30,29184.0
2023-07-01,21744.0
2023-07-02,20864.0
2023-07-03,23776.0
2023-07-04,30160.0
2023-07-05,30496.0
2023-07-06,29088.0
2023-07-07,28928.0
2023-07-08,21712.0
2023-07-09,19168.0
2023-07-10,24352.0
2023-07-11,29936.0
2023-07-12,30080.0
2023-07-13,30640.0
2023-07-14,22176.0
2023-07-15,17744.0
2023-07-16,18032.0
2023-07-17,25424.0
2023-07-18,23840.0
2023-07-19,28256.0
2023-07-20,29296.0
2023-07-21,25280.0
2023-07-22,16688.0
2023-07-23,13712.0
2023-07-24,26448.0
2023-07-25,30400.0
2023-07-26,25744.0
2023-07-27,31152.0
2023-07-28,27056.0
2023-07-29,22960.0
2023-07-30,15888.0
2023-07-31,25792.0
2023-08-01,26496.0
2023-08-02,24272.0
2023-08-03,28592.0
2023-08-04,24640.0
2023-08-05,16400.0
2023-08-06,17104.0
2023-08-07,17536.0
2023-08-08,27760.0
2023-08-09,30288.0
2023-08-10,28672.0
2023-08-11,26560.0
2023-08-12,19216.0
2023-08-13,18048.0
2023-08-14,28592.0
2023-08-15,30448.0
2023-08-16,30976.0
2023-08-17,28608.0
2023-08-18,20880.0
2023-08-19,20544.0
2023-08-20,16352.0
2023-08-21,27488.0
2023-08-22,29632.0
2023-08-23,28976.0
2023-08-24,29456.0
2023-08-25,24384.0
2023-08-26,18912.0
2023-08-27,17200.0
2023-08-28,28816.0
2023-08-29,29680.0
2023-08-30,31312.0
2023-08-31,28064.0
2023-09-01,27792.0
2023-09-02,19968.0
2023-09-03,21152.0
2023-09-04,31104.0
2023-09-05,31168.0
2023-09-06,31232.0
2023-09-07,30384.0
2023-09-08,31072.0
2023-09-09,22928.0
2023-09-10,17712.0
2023-09-11,24672.0
2023-09-12,27744.0
2023-09-13,28272.0
2023-09-14,28240.0
2023-09-15,17504.0
2023-09-16,19216.0
2023-09-17,14880.0
2023-09-18,27920.0
2023-09-19,29328.0
2023-09-20,30768.0
2023-09-21,34256.0
2023-09-22,29008.0
2023-09-23,17968.0
2023-09-24,17136.0
2023-09-25,27840.0
2023-09-26,26656.0
2023-09-27,26208.0
2023-09-28,29504.0
2023-09-29,30224.0
2023-09-30,18000.0
2023-10-01,22512.0
2023-10-02,28496.0
2023-10-03,30400.0
2023-10-04,31472.0
2023-10-05,29824.0
2023-10-06,29184.0
2023-10-07,20016.0
2023-10-08,18272.0
2023-10-09,28704.0
2023-10-10,29456.0
2023-10-11,26128.0
2023-10-12,30064.0
2023-10-13,27424.0
2023-10-14,20896.0
2023-10-15,18528.0
2023-10-16,27056.0
2023-10-17,30144.0
2023-10-18,24720.0
2023-10-19,25968.0
2023-10-20,19664.0
2023-10-21,20240.0
2023-10-22,17648.0
2023-10-23,25584.0
2023-10-24,27616.0
2023-10-25,30480.0
2023-10-26,28592.0
2023-10-27,26752.0
2023-10-28,20512.0
2023-10-29,17520.0
2023-10-30,16736.0
2023-10-31,25728.0
2023-11-01,28000.0
2023-11-02,29536.0
2023-11-03,26416.0
2023-11-04,15856.0
2023-11-05,17360.0
2023-11-06,28832.0
2023-11-07,31504.0
2023-11-08,30096.0
2023-11-09,28656.0
2023-11-10,27968.0
2023-11-11,21200.0
2023-11-12,15712.0
2023-11-13,20832.0
2023-11-14,29888.0
2023-11-15,29536.0
2023-11-16,28352.0
2023-11-17,26016.0
2023-11-18,19472.0
2023-11-19,13712.0
2023-11-20,27376.0
2023-11-21,28160.0
2023-11-22,27600.0
2023-11-23,29296.0
2023-11-24,23728.0
2023-11-25,19920.0
2023-11-26,16656.0
2023-11-27,26320.0
2023-11-28,28544.0
2023-11-29,28672.0
2023-11-30,27712.0
2023-12-01,22704.0
2023-12-02,20160.0
2023-12-03,14192.0
2023-12-04,25536.0
2023-12-05,27360.0
2023-12-06,26144.0
2023-12-07,26096.0
2023-12-08,25792.0
2023-12-09,15232.0
2023-12-10,12544.0
2023-12-11,26048.0
2023-12-12,27488.0
2023-12-13,30144.0
2023-12-14,28704.0
2023-12-15,25424.0
2023-12-16,18448.0
2023-12-17,16656.0
2023-12-18,21616.0
2023-12-19,25024.0
2023-12-20,23728.0
2023-12-21,23008.0
2023-12-22,464.0
